"","state_no","n_f","n_m","min_f","min_m","state"
"1","1",117,83,294,280,"VA_ocean"
"4","2",365,307,225,169,"VA_bay"
"5","3",49,38,220,223,"NC"
"6","4",2341,2447,180.93568751,188.193121127281,"SC"
"7","6",1060,669,171,173,"FL_atlantic"
"8","7",5597,3363,168,155,"FL_gulf"
"9","8",761,629,187,242,"AL"
"10","9",309,226,71,81,"MS"
"2","10",712,554,214,261,"LA"
"3","11",70,69,274.375145332496,310.662313418903,"TX"
